"mode","benchmark","samples","median_ns_op","cv_pct","min_ns_op","max_ns_op"
"local-default","Container/10/Get","6","1355","20.6","1208","1931"
"local-default","Container/10/LoadAll","6","1719","17.73","1501","2296"
"local-default","Container/10/SearcherDefault","6","559.25","17.12","508.2","771.6"
"local-default","Container/10/SearcherNoValidate","6","683.6","14.48","606.1","857.6"
"local-default","Container/1000/Get","6","129906.5","17.61","108933","168026"
"local-default","Container/1000/LoadAll","6","123314","17.78","105587","162382"
"local-default","Container/1000/SearcherDefault","6","56350","14.1","46405","65015"
"local-default","Container/1000/SearcherNoValidate","6","67626","16.6","56879","87133"
"local-default","DecodeNumbers/Default","6","1079.5","15.35","881.1","1344"
"local-default","DecodeNumbers/UseInt64","6","1024.85","14.96","838.6","1241"
"local-default","DecodeNumbers/UseNumber","6","3627.5","14.27","3115","4443"
"local-default","Encoder/EncodeIntoReuse","6","292.9","8.58","243.5","311.4"
"local-default","Encoder/RootMarshal","6","386.8","9.44","326.9","419.6"
"local-default","Encoder/RootStream","6","272.05","15.21","230.8","343.5"
"local-default","Encoder/StdStream","6","264.55","12.43","211.1","295.7"
"local-default","GetPath","6","289.8","34.43","253.3","564.2"
"local-default","MarshalSmallStruct","6","1094.5","18.67","956.8","1559"
"local-default","PreorderDepth/1024","6","27287","18.75","20659","34531"
"local-default","PreorderDepth/256","6","6096.5","15.54","5302","7949"
"local-default","PreorderDepth/64","6","1463.5","10.94","1155","1558"
"local-default","StringDecoder/PackageDecoder","6","41477.5","15.15","34444","52421"
"local-default","StringDecoder/StdDecoder","6","39792.5","10.29","35805","45033"
"local-default","StringGet/16/Bytes","6","86.58","18.07","70.42","111"
"local-default","StringGet/16/CopyString","6","86.02","10.29","83.81","107.9"
"local-default","StringGet/16/Searcher","6","53.72","6.82","50.72","60.66"
"local-default","StringGet/16/String","6","72.8","18.3","56.31","96.05"
"local-default","StringGet/65536/Bytes","6","89.48","6.67","86.71","103.4"
"local-default","StringGet/65536/CopyString","6","78.88","12.35","65.09","93.97"
"local-default","StringGet/65536/Searcher","6","45.79","11.85","40.39","54.73"
"local-default","StringGet/65536/String","6","70.44","10.81","67.22","88.2"
"local-default","UnmarshalLargeString","6","98474.5","16.67","83577","122083"
"local-default","UnmarshalMediumMap","6","9354.5","23.02","8025","13019"
"local-default","ValidMedium","6","898.5","29.86","761.2","1564"
"local-default","ValidStringLarge","6","1586","12.4","1404","1835"
"local-stdjson","Container/10/Get","6","2357","13.79","2119","2892"
"local-stdjson","Container/10/LoadAll","6","1885.5","6.6","1781","2096"
"local-stdjson","Container/10/SearcherDefault","6","627.7","14.26","571.5","827.7"
"local-stdjson","Container/10/SearcherNoValidate","6","724.6","10.35","659.2","865.3"
"local-stdjson","Container/1000/Get","6","214150","6.85","196382","235177"
"local-stdjson","Container/1000/LoadAll","6","133873","10.75","118960","157762"
"local-stdjson","Container/1000/SearcherDefault","6","55210","6.01","51622","59534"
"local-stdjson","Container/1000/SearcherNoValidate","6","69723","7.39","63323","75680"
"local-stdjson","DecodeNumbers/Default","6","1064.6","12.36","909.7","1225"
"local-stdjson","DecodeNumbers/UseInt64","6","897.25","11.08","822.8","1111"
"local-stdjson","DecodeNumbers/UseNumber","6","3453.5","8.63","3046","3882"
"local-stdjson","Encoder/EncodeIntoReuse","6","282.6","13.85","256.5","368.5"
"local-stdjson","Encoder/RootMarshal","6","379.5","19.53","302","489.6"
"local-stdjson","Encoder/RootStream","6","259.1","13.51","236.6","324.5"
"local-stdjson","Encoder/StdStream","6","231.95","18.32","211.4","327.9"
"local-stdjson","GetPath","6","861.25","15.84","691","993.4"
"local-stdjson","MarshalSmallStruct","6","1038","20.03","934.8","1531"
"local-stdjson","PreorderDepth/1024","6","25905.5","16.47","22710","34928"
"local-stdjson","PreorderDepth/256","6","5827","20.27","4632","8077"
"local-stdjson","PreorderDepth/64","6","1336.5","13.21","1266","1766"
"local-stdjson","StringDecoder/PackageDecoder","6","39348","9.77","34742","44733"
"local-stdjson","StringDecoder/StdDecoder","6","38060.5","14.66","33339","50092"
"local-stdjson","StringGet/16/Bytes","6","206.45","12.44","199.1","270.1"
"local-stdjson","StringGet/16/CopyString","6","275.15","8.38","261","326.2"
"local-stdjson","StringGet/16/Searcher","6","47.56","15.39","42.03","62.81"
"local-stdjson","StringGet/16/String","6","248.75","18.67","229.9","362.5"
"local-stdjson","StringGet/65536/Bytes","6","32565.5","11.86","28420","37699"
"local-stdjson","StringGet/65536/CopyString","6","39218","20.74","35261","58375"
"local-stdjson","StringGet/65536/Searcher","6","44.32","17.73","39.13","61.23"
"local-stdjson","StringGet/65536/String","6","40876","13.34","35970","48584"
"local-stdjson","UnmarshalLargeString","6","92454.5","8.92","79690","101877"
"local-stdjson","UnmarshalMediumMap","6","7604.5","19.7","6219","10442"
"local-stdjson","ValidMedium","6","955.4","24.65","812.4","1515"
"local-stdjson","ValidStringLarge","6","42494.5","17.55","35377","54875"
"local-jsonv2","Container/10/Get","6","2184.5","5.18","2092","2409"
"local-jsonv2","Container/10/LoadAll","6","1759","8","1552","1870"
"local-jsonv2","Container/10/SearcherDefault","6","577.45","4.07","537.2","590.1"
"local-jsonv2","Container/10/SearcherNoValidate","6","664.1","6.31","622.1","733.4"
"local-jsonv2","Container/1000/Get","6","186124","7.45","169623","205941"
"local-jsonv2","Container/1000/LoadAll","6","115992","5.62","107356","125681"
"local-jsonv2","Container/1000/SearcherDefault","6","54521","6.57","48459","57084"
"local-jsonv2","Container/1000/SearcherNoValidate","6","63366.5","7.4","55353","68260"
"local-jsonv2","DecodeNumbers/Default","6","3038.5","16.1","2778","4227"
"local-jsonv2","DecodeNumbers/UseInt64","6","2330","12.04","2050","2918"
"local-jsonv2","DecodeNumbers/UseNumber","6","2292.5","9.59","2107","2705"
"local-jsonv2","Encoder/EncodeIntoReuse","6","266.05","9.71","247.9","316"
"local-jsonv2","Encoder/RootMarshal","6","334.45","13.47","251.3","389.8"
"local-jsonv2","Encoder/RootStream","6","247.55","8.15","215.5","264.5"
"local-jsonv2","Encoder/StdStream","6","228.6","7.71","212.2","258.9"
"local-jsonv2","GetPath","6","778.4","8.02","709.9","856.9"
"local-jsonv2","MarshalSmallStruct","6","1126","15.09","896.5","1412"
"local-jsonv2","PreorderDepth/1024","6","25768.5","15.53","22576","33294"
"local-jsonv2","PreorderDepth/256","6","6593","11","5734","7933"
"local-jsonv2","PreorderDepth/64","6","1515.5","6.29","1383","1611"
"local-jsonv2","StringDecoder/PackageDecoder","6","41653","11.92","36751","50681"
"local-jsonv2","StringDecoder/StdDecoder","6","40187.5","9.29","36206","45877"
"local-jsonv2","StringGet/16/Bytes","6","211.15","5.3","193.2","221.6"
"local-jsonv2","StringGet/16/CopyString","6","272.95","12.37","243.7","338.9"
"local-jsonv2","StringGet/16/Searcher","6","40.96","5.35","39.97","46.08"
"local-jsonv2","StringGet/16/String","6","260.5","7.51","234.6","276.2"
"local-jsonv2","StringGet/65536/Bytes","6","29442","17.83","26699","41589"
"local-jsonv2","StringGet/65536/CopyString","6","41656","14.66","34040","50907"
"local-jsonv2","StringGet/65536/Searcher","6","39.65","14.64","36.44","50.72"
"local-jsonv2","StringGet/65536/String","6","40205","19.83","35561","55070"
"local-jsonv2","UnmarshalLargeString","6","48415.5","15.42","44037","64741"
"local-jsonv2","UnmarshalMediumMap","6","21033.5","11.23","18006","23243"
"local-jsonv2","ValidMedium","6","920.05","10.45","811.9","1060"
"local-jsonv2","ValidStringLarge","6","47447.5","14.71","38337","59724"
"upstream-native","Container/10/Get","6","828.8","12.6","740.9","983.4"
"upstream-native","Container/10/LoadAll","6","1297.5","7.9","1182","1485"
"upstream-native","Container/10/SearcherDefault","6","639.5","12.03","532.5","735.3"
"upstream-native","Container/10/SearcherNoValidate","6","43.36","9.42","39.24","49.95"
"upstream-native","Container/1000/Get","6","69326","10.07","64329","82734"
"upstream-native","Container/1000/LoadAll","6","65440.5","10.43","57634","78136"
"upstream-native","Container/1000/SearcherDefault","6","54035","8.31","49837","62719"
"upstream-native","Container/1000/SearcherNoValidate","6","1855.5","7.7","1672","2102"
"upstream-native","DecodeNumbers/Default","6","883.65","11.27","812.1","1057"
"upstream-native","DecodeNumbers/UseInt64","6","752.85","14.36","658.9","957.1"
"upstream-native","DecodeNumbers/UseNumber","6","964.9","10.35","883.2","1102"
"upstream-native","Encoder/EncodeIntoReuse","6","99.26","17.05","96.04","143.6"
"upstream-native","Encoder/RootMarshal","6","152.3","25.25","142.7","254.8"
"upstream-native","Encoder/RootStream","6","139.05","11.73","124.5","168.8"
"upstream-native","Encoder/StdStream","6","139.65","21.83","129.4","216.1"
"upstream-native","GetPath","6","206.45","14.16","173","254.3"
"upstream-native","MarshalSmallStruct","6","360.1","13.95","327.3","458.4"
"upstream-native","PreorderDepth/1024","6","37639","5.71","34183","40622"
"upstream-native","PreorderDepth/256","6","9141.5","6.39","7994","9561"
"upstream-native","PreorderDepth/64","6","2115","8.98","1741","2258"
"upstream-native","StringDecoder/PackageDecoder","6","9081.5","6.3","8317","9957"
"upstream-native","StringDecoder/StdDecoder","6","36081","6.46","33592","40429"
"upstream-native","StringGet/16/Bytes","6","72.86","7.95","63.8","79.05"
"upstream-native","StringGet/16/CopyString","6","68.24","7.23","64.04","76.53"
"upstream-native","StringGet/16/Searcher","6","39.33","10.26","36.88","46.47"
"upstream-native","StringGet/16/String","6","43.1","6.51","39.38","47.11"
"upstream-native","StringGet/65536/Bytes","6","68.53","9.02","63.03","78.68"
"upstream-native","StringGet/65536/CopyString","6","65.17","13.47","62.66","86.78"
"upstream-native","StringGet/65536/Searcher","6","40.43","13.24","37.64","52.84"
"upstream-native","StringGet/65536/String","6","40.18","16.71","37.95","56.74"
"upstream-native","UnmarshalLargeString","6","19348","19.2","16620","27516"
"upstream-native","UnmarshalMediumMap","6","5646.5","14.84","4735","6844"
"upstream-native","ValidMedium","6","736.25","12.84","644.9","916.5"
"upstream-native","ValidStringLarge","6","1671","4.32","1627","1827"
